epoch,loss
1,2.772487445137466
2,2.7440677062418857
3,2.7215129442242167
4,2.7063583526639934
5,2.7011016542359
