epoch,loss
1,2.460770081649497
2,2.4604825209330845
3,2.4549597267702814
4,2.452749363308433
5,2.450886192345124
